"St.no","TAM","month","year","month.human","scaled.temp","scaled"
99710,-10.8,1,1920,"January",0,-1.22922048386776
99710,-1.7,1,1922,"January",0,1.15763662817242
99710,-6.6,1,1923,"January",0,-0.127594124464602
99710,-2.1,1,1924,"January",0,1.05271983203879
99710,-3.1,1,1925,"January",0,0.790427841704699
99710,-5.9,1,1926,"January",0,0.0560102687692578
99710,-7.4,1,1927,"January",0,-0.337427716731871
99710,-3.7,1,1928,"January",0,0.633052647504248
99710,-11.2,1,1920,"January",0,-1.3341372800014
99710,-6.4,1,1930,"January",0,-0.0751357263977853
99710,-6.3,1,1931,"January",0,-0.0489065273643765
99710,-6.7,1,1932,"January",0,-0.153823323498011
99710,0.5,1,1933,"January",0,1.73467900690741
99710,-2.4,1,1934,"January",0,0.97403223493856
99710,-5.5,1,1935,"January",0,0.160927064902892
99710,-3.7,1,1936,"January",0,0.633052647504248
99710,-0.7,1,1937,"January",0,1.41992861850651
99710,-2.5,1,1938,"January",0,0.947803035905151
99710,-4.1,1,1939,"January",0,0.528135851370613
99710,-4.8,1,1940,"January",0,0.344531458136753
99710,-13.9,1,1940,"January",0,-2.04232565390343
99710,-5.4,1,1942,"January",0,0.187156263936301
99710,-6.1,1,1943,"January",0,0.00355187070244078
99710,-5,1,1944,"January",0,0.292073060069935
99710,-8.7,1,1945,"January",0,-0.678407304166183
99710,-4.3,1,1946,"January",0,0.475677453303796
99710,-0.1,1,1947,"January",0,1.57730381270696
99710,-11.5,1,1940,"January",0,-1.41282487710162
99710,-8.3,1,1949,"January",0,-0.573490508032549
99710,-2.1,1,1950,"January",0,1.05271983203879
99710,-10.5,1,1950,"January",0,-1.15053288676754
99710,-8.5,1,1952,"January",0,-0.625948906099366
99710,-8.2,1,1953,"January",0,-0.54726130899914
99710,-3.3,1,1954,"January",0,0.737969443637882
99710,-8,1,1955,"January",0,-0.494802910932323
99710,-3.9,1,1956,"January",0,0.58059424943743
99710,-2.4,1,1957,"January",0,0.97403223493856
99710,-4.7,1,1958,"January",0,0.370760657170161
99710,-11.3,1,1950,"January",0,-1.36036647903481
99710,-7.2,1,1960,"January",0,-0.284969318665054
99710,-5.4,1,1961,"January",0,0.187156263936301
99710,-9.4,1,1962,"January",0,-0.862011697400044
99710,-13.1,1,1960,"January",0,-1.83249206163616
99710,-8,1,1964,"January",0,-0.494802910932323
99710,-6.4,1,1965,"January",0,-0.0751357263977853
99710,-12.8,1,1960,"January",0,-1.75380446453594
99710,-12,1,1960,"January",0,-1.54397087226867
99710,-13.5,1,1960,"January",0,-1.9374088577698
99710,-8.4,1,1969,"January",0,-0.599719707065958
99710,-8.4,1,1970,"January",0,-0.599719707065958
99710,-14.4,1,1970,"January",0,-2.17347164907047
99710,-0.4,1,1972,"January",0,1.49861621560673
99710,-2.3,1,1973,"January",0,1.00026143397197
99710,-2.4,1,1974,"January",0,0.97403223493856
99710,-7.2,1,1975,"January",0,-0.284969318665054
99710,-9.1,1,1976,"January",0,-0.783324100299818
99710,-6.5,1,1977,"January",0,-0.101364925431194
99710,-12.8,1,1970,"January",0,-1.75380446453594
99710,-10.6,1,1970,"January",0,-1.17676208580095
99710,-7.5,1,1980,"January",0,-0.36365691576528
99710,-12,1,1980,"January",0,-1.54397087226867
99710,-12,1,1980,"January",0,-1.54397087226867
99710,-4.1,1,1983,"January",0,0.528135851370613
99710,-4.5,1,1984,"January",0,0.423219055236979
99710,-5.3,1,1985,"January",0,0.21338546296971
99710,-6.2,1,1986,"January",0,-0.022677328330968
99710,-6.6,1,1987,"January",0,-0.127594124464602
99710,-7.5,1,1988,"January",0,-0.36365691576528
99710,-10.4,1,1980,"January",0,-1.12430368773413
99710,2.7,1,1990,"January",0,2.3117213856424
99710,-4,1,1991,"January",0,0.554365050404022
99710,-4.2,1,1992,"January",0,0.501906652337204
99710,-7.1,1,1993,"January",0,-0.258740119631645
99710,-8.9,1,1994,"January",0,-0.730865702233001
99710,-6.7,1,1995,"January",0,-0.153823323498011
99710,-4.5,1,1996,"January",0,0.423219055236979
99710,-10.5,1,1990,"January",0,-1.15053288676754
99710,-8.9,1,1998,"January",0,-0.730865702233001
99710,-3.8,1,1999,"January",0,0.606823448470839
99710,-2.8,1,2001,"January",0,0.869115438804925
99710,-7.2,1,2002,"January",0,-0.284969318665054
99710,-5.8,1,2004,"January",0,0.0822394678026666
99710,-2.1,1,2005,"January",0,1.05271983203879
99710,0.3,1,2006,"January",0,1.68222060884059
99710,-3.5,1,2007,"January",0,0.685511045571065
99710,-1.2,1,2008,"January",0,1.28878262333946
99710,-6,1,2009,"January",0,0.0297810697358493
99710,-2,1,2010,"January",0,1.07894903107219
99710,-6.5,1,2011,"January",0,-0.101364925431194
99710,-0.6,1,2012,"January",0,1.44615781753992
99710,-2.5,1,2013,"January",0,0.947803035905151
99710,-1.2,1,2014,"January",0,1.28878262333946
99710,-2.6,1,2015,"January",0,0.921573836871742
99710,-2.1,1,2016,"January",0,1.05271983203879
99710,-8.2,2,1920,"February",0,-0.469266787411987
99710,-9.2,2,1921,"February",0,-0.762940917735004
99710,-2.8,2,1922,"February",0,1.1165735163323
99710,-7,2,1923,"February",0,-0.116857831024367
99710,-6.1,2,1924,"February",0,0.147448886266348
99710,-7.3,2,1925,"February",0,-0.204960070121272
99710,-6.7,2,1926,"February",0,-0.0287555919274623
99710,-5.7,2,1927,"February",0,0.264918538395555
99710,-5,2,1928,"February",0,0.470490429621666
99710,-2.4,2,1929,"February",0,1.23404316846151
99710,-5.4,2,1930,"February",0,0.35302077749246
99710,-2.4,2,1931,"February",0,1.23404316846151
99710,-6.6,2,1932,"February",0,0.000611821104839584
99710,-5.1,2,1933,"February",0,0.441123016589365
99710,-9.9,2,1934,"February",0,-0.968512808961116
99710,-6,2,1935,"February",0,0.17681629929865
99710,-8.5,2,1936,"February",0,-0.557369026508893
99710,-7.8,2,1937,"February",0,-0.351797135282781
99710,-3.9,2,1938,"February",0,0.793531972976985
99710,-5.9,2,1939,"February",0,0.206183712330951
99710,-10.5,2,1940,"February",0,-1.14471728715493
99710,-11.4,2,1940,"February",0,-1.40902400444564
99710,-11.7,2,1940,"February",0,-1.49712624354255
99710,-16,2,1940,"February",0,-2.75992500393152
99710,-5.8,2,1944,"February",0,0.235551125363253
99710,-5.1,2,1945,"February",0,0.441123016589365
99710,-9,2,1946,"February",0,-0.704206091670401
99710,-10.3,2,1940,"February",0,-1.08598246109032
99710,-6.3,2,1948,"February",0,0.0887140602017446
99710,-3,2,1949,"February",0,1.0578386902677
99710,-4.8,2,1950,"February",0,0.52922525568627
99710,-1.7,2,1951,"February",0,1.43961505968762
99710,-7.6,2,1952,"February",0,-0.293062309218177
99710,-6.5,2,1953,"February",0,0.0299792341371412
99710,-2.1,2,1954,"February",0,1.32214540755842
99710,-7,2,1955,"February",0,-0.116857831024367
99710,-3.6,2,1956,"February",0,0.88163421207389
99710,-5.4,2,1957,"February",0,0.35302077749246
99710,-5.9,2,1958,"February",0,0.206183712330951
99710,-4.7,2,1959,"February",0,0.558592668718571
99710,-11.8,2,1960,"February",0,-1.52649365657485
99710,-7.7,2,1961,"February",0,-0.322429722250479
99710,-8.6,2,1962,"February",0,-0.586736439541194
99710,-17.4,2,1960,"February",0,-3.17106878638374
99710,-5.8,2,1964,"February",0,0.235551125363253
99710,-8,2,1965,"February",0,-0.410531961347384
99710,-13.6,2,1960,"February",0,-2.05510709115628
99710,-4.9,2,1967,"February",0,0.499857842653968
99710,-10.9,2,1960,"February",0,-1.26218693928413
99710,-5.1,2,1969,"February",0,0.441123016589365
99710,-15.2,2,1970,"February",0,-2.52498569967311
99710,-4.5,2,1971,"February",0,0.617327494783175
99710,-4,2,1972,"February",0,0.764164559944683
99710,-7.5,2,1973,"February",0,-0.263694896185876
99710,-3.3,2,1974,"February",0,0.969736451170795
99710,-6.5,2,1975,"February",0,0.0299792341371412
99710,-3.8,2,1976,"February",0,0.822899386009287
99710,-7,2,1977,"February",0,-0.116857831024367
99710,-15.4,2,1970,"February",0,-2.58372052573771
99710,-7.4,2,1979,"February",0,-0.234327483153574
99710,-7.3,2,1980,"February",0,-0.204960070121272
99710,-3.2,2,1981,"February",0,0.999103864203097
99710,-7,2,1982,"February",0,-0.116857831024367
99710,-6.4,2,1983,"February",0,0.0593466471694427
99710,-1.6,2,1984,"February",0,1.46898247271992
99710,-4.7,2,1985,"February",0,0.558592668718571
99710,-9.8,2,1986,"February",0,-0.939145395928815
99710,-11.7,2,1980,"February",0,-1.49712624354255
99710,-5.9,2,1988,"February",0,0.206183712330951
99710,-10.4,2,1980,"February",0,-1.11534987412262
99710,-2.9,2,1990,"February",0,1.0872061033
99710,-1.9,2,1991,"February",0,1.38088023362302
99710,-9.3,2,1992,"February",0,-0.792308330767306
99710,-9,2,1993,"February",0,-0.704206091670401
99710,-7.6,2,1994,"February",0,-0.293062309218177
99710,-6.2,2,1995,"February",0,0.118081473234046
99710,-10.7,2,1990,"February",0,-1.20345211321953
99710,-9.2,2,1997,"February",0,-0.762940917735004
99710,-9,2,1998,"February",0,-0.704206091670401
99710,-5.5,2,1999,"February",0,0.323653364460158
99710,-4.1,2,2001,"February",0,0.734797146912382
99710,-6.4,2,2002,"February",0,0.0593466471694427
99710,-3.3,2,2003,"February",0,0.969736451170795
99710,-2.1,2,2005,"February",0,1.32214540755842
99710,-3.4,2,2006,"February",0,0.940369038138493
99710,-4.6,2,2007,"February",0,0.587960081750873
99710,-2.6,2,2008,"February",0,1.17530834239691
99710,-4.2,2,2009,"February",0,0.70542973388008
99710,-4,2,2010,"February",0,0.764164559944683
99710,-4.1,2,2011,"February",0,0.734797146912382
99710,-1.8,2,2012,"February",0,1.41024764665532
99710,-3.4,2,2013,"February",0,0.940369038138493
99710,-0.6,2,2014,"February",0,1.76265660304294
99710,-5.2,2,2015,"February",0,0.411755603557063
99710,-4.1,3,1920,"March",0,0.824060493248985
99710,-8.8,3,1921,"March",0,-0.525544205676395
99710,-11.6,3,1920,"March",0,-1.32956402631279
99710,-3,3,1923,"March",0,1.13992542278471
99710,-11.8,3,1920,"March",0,-1.38699401350111
99710,-4.7,3,1925,"March",0,0.651770531684043
99710,-11.8,3,1920,"March",0,-1.38699401350111
99710,-8.3,3,1927,"March",0,-0.38196923770561
99710,-6.7,3,1928,"March",0,0.0774706598009027
99710,-13,3,1920,"March",0,-1.73157393663099
99710,-9.1,3,1930,"March",0,-0.611689186458866
99710,-10.8,3,1930,"March",0,-1.09984407755954
99710,-8.3,3,1932,"March",0,-0.38196923770561
99710,-7.3,3,1933,"March",0,-0.0948193017640393
99710,-2.8,3,1934,"March",0,1.19735540997303
99710,-8.1,3,1935,"March",0,-0.324539250517295
99710,-12.2,3,1930,"March",0,-1.50185398787773
99710,-7.9,3,1937,"March",0,-0.267109263328982
99710,-7.1,3,1938,"March",0,-0.0373893145757252
99710,-5.3,3,1939,"March",0,0.479480570119101
99710,-12.1,3,1940,"March",0,-1.47313899428358
99710,-7.5,3,1941,"March",0,-0.152249288952353
99710,-14.6,3,1940,"March",0,-2.1910138341375
99710,-8.6,3,1943,"March",0,-0.468114218488081
99710,-4.4,3,1944,"March",0,0.737915512466514
99710,-4.8,3,1945,"March",0,0.623055538089886
99710,-6.3,3,1946,"March",0,0.192330634177531
99710,-13.5,3,1940,"March",0,-1.87514890460177
99710,-6.9,3,1948,"March",0,0.0200406726125886
99710,-3.3,3,1949,"March",0,1.05378044200224
99710,-4.8,3,1950,"March",0,0.623055538089886
99710,-8.2,3,1951,"March",0,-0.353254244111452
99710,-8.2,3,1952,"March",0,-0.353254244111452
99710,-10.6,3,1950,"March",0,-1.04241409037122
99710,-5.7,3,1954,"March",0,0.364620595742473
99710,-4.8,3,1955,"March",0,0.623055538089886
99710,-3.4,3,1956,"March",0,1.02506544840808
99710,-4.2,3,1957,"March",0,0.795345499654828
99710,-7.3,3,1958,"March",0,-0.0948193017640393
99710,-4.1,3,1959,"March",0,0.824060493248985
99710,-2.2,3,1960,"March",0,1.36964537153797
99710,-8.9,3,1961,"March",0,-0.554259199270552
99710,-17.6,3,1960,"March",0,-3.05246364196221
99710,-12.9,3,1960,"March",0,-1.70285894303683
99710,-2.1,3,1964,"March",0,1.39836036513213
99710,-12.8,3,1960,"March",0,-1.67414394944268
99710,-11.6,3,1960,"March",0,-1.32956402631279
99710,-6,3,1967,"March",0,0.278475614960002
99710,-13.4,3,1960,"March",0,-1.84643391100762
99710,-10.4,3,1960,"March",0,-0.984984103182907
99710,-4.5,3,1970,"March",0,0.709200518872357
99710,-10.5,3,1970,"March",0,-1.01369909677706
99710,-4.7,3,1972,"March",0,0.651770531684043
99710,-7,3,1973,"March",0,-0.00867432098156828
99710,0.3,3,1974,"March",0,2.08752021139189
99710,-5.5,3,1975,"March",0,0.422050582930787
99710,-2.2,3,1976,"March",0,1.36964537153797
99710,-12,3,1970,"March",0,-1.44442400068942
99710,-9.4,3,1978,"March",0,-0.697834167241337
99710,-5.2,3,1979,"March",0,0.508195563713258
99710,-6.7,3,1980,"March",0,0.0774706598009027
99710,-12.4,3,1980,"March",0,-1.55928397506605
99710,-3.6,3,1982,"March",0,0.96763546121977
99710,-2.9,3,1983,"March",0,1.16864041637887
99710,-7.5,3,1984,"March",0,-0.152249288952353
99710,-4.9,3,1985,"March",0,0.594340544495729
99710,-4.7,3,1986,"March",0,0.651770531684043
99710,-5.6,3,1987,"March",0,0.39333558933663
99710,-8.9,3,1988,"March",0,-0.554259199270552
99710,-6.8,3,1989,"March",0,0.0487556662067458
99710,-6,3,1990,"March",0,0.278475614960002
99710,-4.8,3,1991,"March",0,0.623055538089886
99710,-4.6,3,1992,"March",0,0.6804855252782
99710,-6.6,3,1993,"March",0,0.10618565339506
99710,-4,3,1994,"March",0,0.852775486843142
99710,-5.3,3,1995,"March",0,0.479480570119101
99710,-3.8,3,1996,"March",0,0.910205474031456
99710,-5.5,3,1997,"March",0,0.422050582930787
99710,-6.9,3,1998,"March",0,0.0200406726125886
99710,-2.4,3,1999,"March",0,1.31221538434965
99710,-7.2,3,2002,"March",0,-0.0661043081698824
99710,-8.3,3,2003,"March",0,-0.38196923770561
99710,-1.3,3,2004,"March",0,1.62808031388538
99710,-7.2,3,2005,"March",0,-0.0661043081698824
99710,-7.4,3,2006,"March",0,-0.123534295358196
99710,-2,3,2007,"March",0,1.42707535872628
99710,-6.4,3,2008,"March",0,0.163615640583374
99710,-4.2,3,2009,"March",0,0.795345499654828
99710,-8.6,3,2010,"March",0,-0.468114218488081
99710,-4.7,3,2011,"March",0,0.651770531684043
99710,-1.7,3,2012,"March",0,1.51322033950875
99710,-8.5,3,2013,"March",0,-0.439399224893924
99710,-3.8,3,2014,"March",0,0.910205474031456
99710,-1.2,3,2015,"March",0,1.65679530747954
99710,-7.4,4,1920,"April",0,-0.901532653964644
99710,-3.6,4,1921,"April",0,0.564713945082623
99710,-6,4,1922,"April",0,-0.361336538526177
99710,-4.8,4,1923,"April",0,0.101688703278223
99710,-8.5,4,1924,"April",0,-1.32597245895201
99710,-5.3,4,1925,"April",0,-0.0912384808069434
99710,-5.8,4,1926,"April",0,-0.28416566489211
99710,-7.8,4,1927,"April",0,-1.05587440123278
99710,-5.9,4,1928,"April",0,-0.322751101709144
99710,-13,4,1920,"April",0,-3.06231711571851
99710,-3.1,4,1930,"April",0,0.75764112916779
99710,-2.1,4,1931,"April",0,1.14349549733812
99710,-10.9,4,1930,"April",0,-2.25202294256081
99710,-6.7,4,1933,"April",0,-0.63143459624541
99710,-7.4,4,1934,"April",0,-0.901532653964644
99710,-5,4,1935,"April",0,0.0245178296441566
99710,-5.5,4,1936,"April",0,-0.16840935444101
99710,-1.5,4,1937,"April",0,1.37500811824032
99710,-4.5,4,1938,"April",0,0.217445013729323
99710,-5.1,4,1939,"April",0,-0.0140676071728766
99710,-10.4,4,1940,"April",0,-2.05909575847564
99710,-7.5,4,1941,"April",0,-0.940118090781677
99710,-7.7,4,1942,"April",0,-1.01728896441574
99710,-6.4,4,1943,"April",0,-0.51567828579431
99710,-7.5,4,1944,"April",0,-0.940118090781677
99710,-3.9,4,1945,"April",0,0.448957634631523
99710,-5,4,1946,"April",0,0.0245178296441566
99710,-6.8,4,1947,"April",0,-0.670020033062443
99710,-5,4,1948,"April",0,0.0245178296441566
99710,-5.8,4,1949,"April",0,-0.28416566489211
99710,-2.4,4,1950,"April",0,1.02773918688702
99710,-6.1,4,1951,"April",0,-0.39992197534321
99710,-5.3,4,1952,"April",0,-0.0912384808069434
99710,-9.5,4,1953,"April",0,-1.71182682712234
99710,-2.4,4,1954,"April",0,1.02773918688702
99710,-4.6,4,1955,"April",0,0.17885957691229
99710,-4.7,4,1956,"April",0,0.140274140095257
99710,-2.6,4,1957,"April",0,0.950568313252957
99710,-4.3,4,1958,"April",0,0.29461588736339
99710,-4.6,4,1959,"April",0,0.17885957691229
99710,-1.3,4,1960,"April",0,1.45217899187439
99710,-9,4,1961,"April",0,-1.51889964303718
99710,-7.1,4,1962,"April",0,-0.785776343513543
99710,-8.8,4,1963,"April",0,-1.44172876940311
99710,-4.5,4,1964,"April",0,0.217445013729323
99710,-3.5,4,1965,"April",0,0.603299381899657
99710,-5.3,4,1966,"April",0,-0.0912384808069434
99710,-4.5,4,1967,"April",0,0.217445013729323
99710,-6.9,4,1968,"April",0,-0.708605469879477
99710,-8.6,4,1969,"April",0,-1.36455789576904
99710,-6.2,4,1970,"April",0,-0.438507412160244
99710,-6.4,4,1971,"April",0,-0.51567828579431
99710,-6.2,4,1972,"April",0,-0.438507412160244
99710,-4,4,1973,"April",0,0.41037219781449
99710,-2.8,4,1974,"April",0,0.87339743961889
99710,-5,4,1975,"April",0,0.0245178296441566
99710,-4.1,4,1976,"April",0,0.371786760997457
99710,-8.9,4,1977,"April",0,-1.48031420622014
99710,-5,4,1978,"April",0,0.0245178296441566
99710,-6.8,4,1979,"April",0,-0.670020033062443
99710,-3,4,1980,"April",0,0.796226565984823
99710,-6.5,4,1981,"April",0,-0.554263722611343
99710,-3.6,4,1982,"April",0,0.564713945082623
99710,-2.9,4,1983,"April",0,0.834812002801857
99710,-1.8,4,1984,"April",0,1.25925180778922
99710,-7.6,4,1985,"April",0,-0.97870352759871
99710,-6.7,4,1986,"April",0,-0.63143459624541
99710,-3,4,1987,"April",0,0.796226565984823
99710,-9.4,4,1988,"April",0,-1.67324139030531
99710,-1.6,4,1989,"April",0,1.33642268142329
99710,-3.1,4,1990,"April",0,0.75764112916779
99710,-3.7,4,1991,"April",0,0.52612850826559
99710,-2.2,4,1992,"April",0,1.10491006052109
99710,-6.2,4,1993,"April",0,-0.438507412160244
99710,-1.3,4,1994,"April",0,1.45217899187439
99710,-3.9,4,1995,"April",0,0.448957634631523
99710,-7.5,4,1996,"April",0,-0.940118090781677
99710,-7.7,4,1997,"April",0,-1.01728896441574
99710,-6.1,4,1998,"April",0,-0.39992197534321
99710,-3.8,4,1999,"April",0,0.487543071448557
99710,-6.8,4,2001,"April",0,-0.670020033062443
99710,-0.2,4,2002,"April",0,1.87661879686176
99710,-4.2,4,2003,"April",0,0.333201324180423
99710,0.9,4,2004,"April",0,2.30105860184912
99710,-2.7,4,2005,"April",0,0.911982876435923
99710,1.4,4,2006,"April",0,2.49398578593429
99710,-3.7,4,2007,"April",0,0.52612850826559
99710,-4.6,4,2008,"April",0,0.17885957691229
99710,-6.4,4,2009,"April",0,-0.51567828579431
99710,-2,4,2010,"April",0,1.18208093415516
99710,0.7,4,2011,"April",0,2.22388772821506
99710,-4,4,2012,"April",0,0.41037219781449
99710,-3.9,4,2013,"April",0,0.448957634631523
99710,-3.9,4,2014,"April",0,0.448957634631523
99710,-1.9,4,2015,"April",0,1.22066637097219
99710,0.6,5,1920,"May",0,1.19540120335959
99710,-0.6,5,1921,"May",0,0.376185149659265
99710,-0.7,5,1922,"May",0,0.307917145184238
99710,-1.7,5,1923,"May",0,-0.374762899566035
99710,-2.1,5,1924,"May",0,-0.647834917466145
99710,-2.4,5,1925,"May",0,-0.852638930891226
99710,-3.4,5,1926,"May",0,-1.5353189756415
99710,-3.1,5,1927,"May",0,-1.33051496221642
99710,-2.6,5,1928,"May",0,-0.989174939841281
99710,-3.2,5,1929,"May",0,-1.39878296669144
99710,-0.5,5,1930,"May",0,0.444453154134292
99710,-1.9,5,1931,"May",0,-0.51129890851609
99710,-3.1,5,1932,"May",0,-1.33051496221642
99710,-1.1,5,1933,"May",0,0.0348451272841285
99710,-0.3,5,1934,"May",0,0.580989163084347
99710,-3,5,1935,"May",0,-1.26224695774139
99710,1.6,5,1936,"May",0,1.87808124810987
99710,0.8,5,1937,"May",0,1.33193721230965
99710,-1.1,5,1938,"May",0,0.0348451272841285
99710,-0.5,5,1939,"May",0,0.444453154134292
99710,0.7,5,1940,"May",0,1.26366920783462
99710,-3.7,5,1941,"May",0,-1.74012298906658
99710,-4.3,5,1942,"May",0,-2.14973101591674
99710,-1.8,5,1943,"May",0,-0.443030904041063
99710,-2.2,5,1944,"May",0,-0.716102921941172
99710,-1.7,5,1945,"May",0,-0.374762899566035
99710,-1.4,5,1946,"May",0,-0.169958886140953
99710,-1.8,5,1947,"May",0,-0.443030904041063
99710,-2.2,5,1948,"May",0,-0.716102921941172
99710,-2.7,5,1949,"May",0,-1.05744294431631
99710,-1.4,5,1950,"May",0,-0.169958886140953
99710,-2.5,5,1951,"May",0,-0.920906935366254
99710,-1.5,5,1952,"May",0,-0.238226890615981
99710,-1.9,5,1953,"May",0,-0.51129890851609
99710,0.7,5,1954,"May",0,1.26366920783462
99710,-1.7,5,1955,"May",0,-0.374762899566035
99710,-0.9,5,1956,"May",0,0.171381136234183
99710,-1.1,5,1957,"May",0,0.0348451272841285
99710,-0.4,5,1958,"May",0,0.51272115860932
99710,-0.5,5,1959,"May",0,0.444453154134292
99710,1.8,5,1960,"May",0,2.01461725705992
99710,-1.9,5,1961,"May",0,-0.51129890851609
99710,-5.8,5,1962,"May",0,-3.17375108304215
99710,0.1,5,1963,"May",0,0.854061180984456
99710,0.4,5,1964,"May",0,1.05886519440954
99710,-3.2,5,1965,"May",0,-1.39878296669144
99710,-3.6,5,1966,"May",0,-1.67185498459155
99710,-2,5,1967,"May",0,-0.579566912991117
99710,-3.8,5,1968,"May",0,-1.80839099354161
99710,-1.2,5,1969,"May",0,-0.0334228771908987
99710,-0.3,5,1970,"May",0,0.580989163084347
99710,-1.3,5,1971,"May",0,-0.101690881665926
99710,-0.9,5,1972,"May",0,0.171381136234183
99710,-0.6,5,1973,"May",0,0.376185149659265
99710,-0.5,5,1974,"May",0,0.444453154134292
99710,-1.1,5,1975,"May",0,0.0348451272841285
99710,0.1,5,1976,"May",0,0.854061180984456
99710,-2.1,5,1977,"May",0,-0.647834917466145
99710,-1.4,5,1978,"May",0,-0.169958886140953
99710,-3.5,5,1979,"May",0,-1.60358698011653
99710,-1.5,5,1980,"May",0,-0.238226890615981
99710,-1.2,5,1981,"May",0,-0.0334228771908987
99710,-2.1,5,1982,"May",0,-0.647834917466145
99710,-0.6,5,1983,"May",0,0.376185149659265
99710,-0.3,5,1984,"May",0,0.580989163084347
99710,-1.6,5,1985,"May",0,-0.306494895091008
99710,-0.2,5,1986,"May",0,0.649257167559374
99710,-1.1,5,1987,"May",0,0.0348451272841285
99710,-1.3,5,1988,"May",0,-0.101690881665926
99710,0,5,1989,"May",0,0.785793176509429
99710,-0.8,5,1990,"May",0,0.23964914070921
99710,-1.1,5,1991,"May",0,0.0348451272841285
99710,0.6,5,1992,"May",0,1.19540120335959
99710,-1.9,5,1993,"May",0,-0.51129890851609
99710,-0.9,5,1994,"May",0,0.171381136234183
99710,-1.2,5,1995,"May",0,-0.0334228771908987
99710,-3.9,5,1996,"May",0,-1.87665899801664
99710,-2.2,5,1997,"May",0,-0.716102921941172
99710,-1.8,5,1998,"May",0,-0.443030904041063
99710,0.1,5,1999,"May",0,0.854061180984456
99710,-0.5,5,2001,"May",0,0.444453154134292
99710,-0.3,5,2002,"May",0,0.580989163084347
99710,-1.7,5,2003,"May",0,-0.374762899566035
99710,0.6,5,2004,"May",0,1.19540120335959
99710,-0.2,5,2005,"May",0,0.649257167559374
99710,1.8,5,2006,"May",0,2.01461725705992
99710,0.2,5,2007,"May",0,0.922329185459484
99710,0.2,5,2008,"May",0,0.922329185459484
99710,1.6,5,2009,"May",0,1.87808124810987
99710,1.8,5,2010,"May",0,2.01461725705992
99710,0.3,5,2011,"May",0,0.990597189934511
99710,0.3,5,2012,"May",0,0.990597189934511
99710,1.7,5,2013,"May",0,1.94634925258489
99710,-0.8,5,2014,"May",0,0.23964914070921
99710,-0.7,5,2015,"May",0,0.307917145184238
99710,3.3,6,1920,"June",0,0.892804257284356
99710,3.4,6,1921,"June",0,0.970019760617058
99710,4.1,6,1922,"June",0,1.51052828394596
99710,0.5,6,1923,"June",0,-1.26922983603127
99710,-0.3,6,1924,"June",0,-1.88695386269288
99710,3.1,6,1925,"June",0,0.738373250618954
99710,1,6,1926,"June",0,-0.883152319367769
99710,0.7,6,1927,"June",0,-1.11479882936587
99710,-0.4,6,1928,"June",0,-1.96416936602558
99710,-0.3,6,1929,"June",0,-1.88695386269288
99710,3.4,6,1930,"June",0,0.970019760617058
99710,0.3,6,1931,"June",0,-1.42366084269668
99710,1.2,6,1932,"June",0,-0.728721312702366
99710,3.4,6,1933,"June",0,0.970019760617058
99710,2.6,6,1934,"June",0,0.352295733955449
99710,0.5,6,1935,"June",0,-1.26922983603127
99710,3.2,6,1936,"June",0,0.815588753951656
99710,4.1,6,1937,"June",0,1.51052828394596
99710,2.5,6,1938,"June",0,0.275080230622748
99710,2.1,6,1939,"June",0,-0.0337817827080565
99710,3.5,6,1940,"June",0,1.04723526394976
99710,0.8,6,1941,"June",0,-1.03758332603317
99710,1.7,6,1942,"June",0,-0.342643796038861
99710,2.5,6,1943,"June",0,0.275080230622748
99710,1.9,6,1944,"June",0,-0.188212789373459
99710,1.1,6,1945,"June",0,-0.805936816035067
99710,1,6,1946,"June",0,-0.883152319367769
99710,1.6,6,1947,"June",0,-0.419859299371562
99710,0.2,6,1948,"June",0,-1.50087634602938
99710,1.3,6,1949,"June",0,-0.651505809369665
99710,1.5,6,1950,"June",0,-0.497074802704263
99710,1.9,6,1951,"June",0,-0.188212789373459
99710,3.6,6,1952,"June",0,1.12445076728246
99710,4.4,6,1953,"June",0,1.74217479394407
99710,2.2,6,1954,"June",0,0.0434337206246446
99710,1,6,1955,"June",0,-0.883152319367769
99710,2,6,1956,"June",0,-0.110997286040758
99710,1.9,6,1957,"June",0,-0.188212789373459
99710,2.5,6,1958,"June",0,0.275080230622748
99710,2.7,6,1959,"June",0,0.42951123728815
99710,2.5,6,1960,"June",0,0.275080230622748
99710,2.8,6,1961,"June",0,0.506726740620851
99710,-0.1,6,1962,"June",0,-1.73252285602748
99710,1.2,6,1963,"June",0,-0.728721312702366
99710,1.4,6,1964,"June",0,-0.574290306036964
99710,0.7,6,1965,"June",0,-1.11479882936587
99710,1.7,6,1966,"June",0,-0.342643796038861
99710,1.8,6,1967,"June",0,-0.26542829270616
99710,0.6,6,1968,"June",0,-1.19201433269857
99710,1.2,6,1969,"June",0,-0.728721312702366
99710,3.3,6,1970,"June",0,0.892804257284356
99710,0.6,6,1971,"June",0,-1.19201433269857
99710,3.9,6,1972,"June",0,1.35609727728056
99710,3.8,6,1973,"June",0,1.27888177394786
99710,3.3,6,1974,"June",0,0.892804257284356
99710,0.3,6,1975,"June",0,-1.42366084269668
99710,3,6,1976,"June",0,0.661157747286253
99710,0.1,6,1977,"June",0,-1.57809184936208
99710,2.1,6,1978,"June",0,-0.0337817827080565
99710,1.6,6,1979,"June",0,-0.419859299371562
99710,2.7,6,1980,"June",0,0.42951123728815
99710,1.1,6,1981,"June",0,-0.805936816035067
99710,0.1,6,1982,"June",0,-1.57809184936208
99710,3.4,6,1983,"June",0,0.970019760617058
99710,2.7,6,1984,"June",0,0.42951123728815
99710,0.5,6,1985,"June",0,-1.26922983603127
99710,3.5,6,1986,"June",0,1.04723526394976
99710,0.8,6,1987,"June",0,-1.03758332603317
99710,2.2,6,1988,"June",0,0.0434337206246446
99710,2.4,6,1989,"June",0,0.197864727290047
99710,2.5,6,1990,"June",0,0.275080230622748
99710,1.4,6,1991,"June",0,-0.574290306036964
99710,3.4,6,1992,"June",0,0.970019760617058
99710,0.6,6,1993,"June",0,-1.19201433269857
99710,2.7,6,1994,"June",0,0.42951123728815
99710,2.8,6,1995,"June",0,0.506726740620851
99710,1.9,6,1996,"June",0,-0.188212789373459
99710,1.3,6,1997,"June",0,-0.651505809369665
99710,1.4,6,1998,"June",0,-0.574290306036964
99710,4.7,6,1999,"June",0,1.97382130394217
99710,3.5,6,2001,"June",0,1.04723526394976
99710,4.4,6,2002,"June",0,1.74217479394407
99710,2.1,6,2003,"June",0,-0.0337817827080565
99710,2.6,6,2004,"June",0,0.352295733955449
99710,3.2,6,2005,"June",0,0.815588753951656
99710,5,6,2006,"June",0,2.20546781394027
99710,3.5,6,2007,"June",0,1.04723526394976
99710,2.6,6,2008,"June",0,0.352295733955449
99710,3.6,6,2009,"June",0,1.12445076728246
99710,2.3,6,2010,"June",0,0.120649223957345
99710,1.9,6,2011,"June",0,-0.188212789373459
99710,2.8,6,2012,"June",0,0.506726740620851
99710,5.3,6,2013,"June",0,2.43711432393838
99710,2.9,6,2014,"June",0,0.583942243953552
99710,2.4,6,2015,"June",0,0.197864727290047
99710,6.8,7,1920,"July",0,1.77489018491156
99710,4.3,7,1921,"July",0,-0.333890232805145
99710,6,7,1922,"July",0,1.10008045124221
99710,3.8,7,1923,"July",0,-0.755646316348485
99710,5.4,7,1924,"July",0,0.593973150990204
99710,6.6,7,1925,"July",0,1.60618775149422
99710,2.8,7,1926,"July",0,-1.59915848343517
99710,5.5,7,1927,"July",0,0.678324367698872
99710,3.8,7,1928,"July",0,-0.755646316348485
99710,3.2,7,1929,"July",0,-1.26175361660049
99710,5.2,7,1930,"July",0,0.425270717572868
99710,4,7,1931,"July",0,-0.586943882931149
99710,3.5,7,1932,"July",0,-1.00869996647449
99710,5,7,1933,"July",0,0.256568284155532
99710,5.8,7,1934,"July",0,0.931378017824876
99710,3.7,7,1935,"July",0,-0.839997533057153
99710,2.9,7,1936,"July",0,-1.5148072667265
99710,5.8,7,1937,"July",0,0.931378017824876
99710,5.6,7,1938,"July",0,0.762675584407539
99710,4.9,7,1939,"July",0,0.172217067446864
99710,3,7,1940,"July",0,-1.43045605001783
99710,5.5,7,1941,"July",0,0.678324367698872
99710,4.7,7,1942,"July",0,0.00351463402952763
99710,4.8,7,1943,"July",0,0.0878658507381954
99710,3.7,7,1944,"July",0,-0.839997533057153
99710,5.6,7,1945,"July",0,0.762675584407539
99710,6,7,1946,"July",0,1.10008045124221
99710,3.6,7,1947,"July",0,-0.924348749765821
99710,3.3,7,1948,"July",0,-1.17740239989183
99710,3.9,7,1949,"July",0,-0.671295099639817
99710,3.8,7,1950,"July",0,-0.755646316348485
99710,2.4,7,1951,"July",0,-1.93656335026984
99710,4.4,7,1952,"July",0,-0.249539016096476
99710,5.2,7,1953,"July",0,0.425270717572868
99710,5.6,7,1954,"July",0,0.762675584407539
99710,4.8,7,1955,"July",0,0.0878658507381954
99710,5.6,7,1956,"July",0,0.762675584407539
99710,3.7,7,1957,"July",0,-0.839997533057153
99710,3.7,7,1958,"July",0,-0.839997533057153
99710,4.5,7,1959,"July",0,-0.165187799387809
99710,6.4,7,1960,"July",0,1.43748531807688
99710,4.8,7,1961,"July",0,0.0878658507381954
99710,3.3,7,1962,"July",0,-1.17740239989183
99710,2.9,7,1963,"July",0,-1.5148072667265
99710,4.6,7,1964,"July",0,-0.0808365826791408
99710,1.4,7,1965,"July",0,-2.78007551735652
99710,4,7,1966,"July",0,-0.586943882931149
99710,4.5,7,1967,"July",0,-0.165187799387809
99710,3.2,7,1968,"July",0,-1.26175361660049
99710,5.8,7,1969,"July",0,0.931378017824876
99710,4.3,7,1970,"July",0,-0.333890232805145
99710,4.1,7,1971,"July",0,-0.502592666222481
99710,6.2,7,1972,"July",0,1.26878288465955
99710,6.5,7,1973,"July",0,1.52183653478555
99710,4.7,7,1974,"July",0,0.00351463402952763
99710,3.3,7,1975,"July",0,-1.17740239989183
99710,6.4,7,1976,"July",0,1.43748531807688
99710,2.6,7,1977,"July",0,-1.7678609168525
99710,3.8,7,1978,"July",0,-0.755646316348485
99710,6.4,7,1979,"July",0,1.43748531807688
99710,4.1,7,1980,"July",0,-0.502592666222481
99710,4.1,7,1981,"July",0,-0.502592666222481
99710,4.1,7,1982,"July",0,-0.502592666222481
99710,6,7,1983,"July",0,1.10008045124221
99710,3.8,7,1984,"July",0,-0.755646316348485
99710,4.8,7,1985,"July",0,0.0878658507381954
99710,5,7,1986,"July",0,0.256568284155532
99710,3.8,7,1987,"July",0,-0.755646316348485
99710,4,7,1988,"July",0,-0.586943882931149
99710,4.9,7,1989,"July",0,0.172217067446864
99710,5.9,7,1990,"July",0,1.01572923453354
99710,4.2,7,1991,"July",0,-0.418241449513812
99710,4.8,7,1992,"July",0,0.0878658507381954
99710,3.6,7,1993,"July",0,-0.924348749765821
99710,6,7,1994,"July",0,1.10008045124221
99710,4.3,7,1995,"July",0,-0.333890232805145
99710,4.4,7,1996,"July",0,-0.249539016096476
99710,4.2,7,1997,"July",0,-0.418241449513812
99710,4.6,7,1998,"July",0,-0.0808365826791408
99710,5.4,7,1999,"July",0,0.593973150990204
99710,5,7,2001,"July",0,0.256568284155532
99710,6,7,2002,"July",0,1.10008045124221
99710,5,7,2003,"July",0,0.256568284155532
99710,8.8,7,2004,"July",0,3.46191451908492
99710,5.8,7,2005,"July",0,0.931378017824876
99710,6.6,7,2006,"July",0,1.60618775149422
99710,4.7,7,2007,"July",0,0.00351463402952763
99710,4.9,7,2008,"July",0,0.172217067446864
99710,4.1,7,2009,"July",0,-0.502592666222481
99710,5.5,7,2010,"July",0,0.678324367698872
99710,4.7,7,2011,"July",0,0.00351463402952763
99710,4.7,7,2012,"July",0,0.00351463402952763
99710,6.6,7,2013,"July",0,1.60618775149422
99710,6.3,7,2014,"July",0,1.35313410136822
99710,3.7,7,2015,"July",0,-0.839997533057153
99710,4.3,8,1920,"August",0,-0.602036607338593
99710,4.6,8,1921,"August",0,-0.324173557797704
99710,5.8,8,1922,"August",0,0.787278640365852
99710,3.3,8,1923,"August",0,-1.52824677247489
99710,4.7,8,1924,"August",0,-0.231552541284074
99710,5.3,8,1925,"August",0,0.324173557797704
99710,3.5,8,1926,"August",0,-1.34300473944763
99710,4.8,8,1927,"August",0,-0.138931524770445
99710,3.8,8,1928,"August",0,-1.06514168990674
99710,2.8,8,1929,"August",0,-1.99135185504304
99710,5.5,8,1930,"August",0,0.509415590824963
99710,5.5,8,1931,"August",0,0.509415590824963
99710,5.8,8,1932,"August",0,0.787278640365852
99710,5.4,8,1933,"August",0,0.416794574311334
99710,6.6,8,1934,"August",0,1.52824677247489
99710,6.1,8,1935,"August",0,1.06514168990674
99710,4.9,8,1936,"August",0,-0.0463105082568147
99710,7.1,8,1937,"August",0,1.99135185504304
99710,5.7,8,1938,"August",0,0.694657623852223
99710,6.8,8,1939,"August",0,1.71348880550215
99710,5.1,8,1940,"August",0,0.138931524770444
99710,4.4,8,1941,"August",0,-0.509415590824963
99710,4.8,8,1942,"August",0,-0.138931524770445
99710,4,8,1943,"August",0,-0.879899656879482
99710,4.3,8,1944,"August",0,-0.602036607338593
99710,5.5,8,1945,"August",0,0.509415590824963
99710,4.2,8,1946,"August",0,-0.694657623852223
99710,4.6,8,1947,"August",0,-0.324173557797704
99710,3.2,8,1948,"August",0,-1.62086778898852
99710,4.2,8,1949,"August",0,-0.694657623852223
99710,6,8,1950,"August",0,0.972520673393111
99710,4.9,8,1951,"August",0,-0.0463105082568147
99710,3.6,8,1952,"August",0,-1.250383722934
99710,6.2,8,1953,"August",0,1.15776270642037
99710,4.6,8,1954,"August",0,-0.324173557797704
99710,5.2,8,1955,"August",0,0.231552541284074
99710,3.8,8,1956,"August",0,-1.06514168990674
99710,5.3,8,1957,"August",0,0.324173557797704
99710,3.6,8,1958,"August",0,-1.250383722934
99710,4.9,8,1959,"August",0,-0.0463105082568147
99710,4.3,8,1960,"August",0,-0.602036607338593
99710,5.9,8,1961,"August",0,0.879899656879482
99710,2.6,8,1962,"August",0,-2.1765938880703
99710,3.8,8,1963,"August",0,-1.06514168990674
99710,3.9,8,1964,"August",0,-0.972520673393112
99710,2.4,8,1965,"August",0,-2.36183592109756
99710,3.4,8,1966,"August",0,-1.43562575596126
99710,4.1,8,1967,"August",0,-0.787278640365853
99710,3.4,8,1968,"August",0,-1.43562575596126
99710,5.2,8,1969,"August",0,0.231552541284074
99710,5.4,8,1970,"August",0,0.416794574311334
99710,3.9,8,1971,"August",0,-0.972520673393112
99710,5.8,8,1972,"August",0,0.787278640365852
99710,4.8,8,1973,"August",0,-0.138931524770445
99710,4.9,8,1974,"August",0,-0.0463105082568147
99710,4,8,1975,"August",0,-0.879899656879482
99710,5.9,8,1976,"August",0,0.879899656879482
99710,4.6,8,1977,"August",0,-0.324173557797704
99710,5.2,8,1978,"August",0,0.231552541284074
99710,5.4,8,1979,"August",0,0.416794574311334
99710,5.9,8,1980,"August",0,0.879899656879482
99710,4.4,8,1981,"August",0,-0.509415590824963
99710,2.8,8,1982,"August",0,-1.99135185504304
99710,4.5,8,1983,"August",0,-0.416794574311334
99710,5,8,1984,"August",0,0.0463105082568147
99710,4.4,8,1985,"August",0,-0.509415590824963
99710,4.7,8,1986,"August",0,-0.231552541284074
99710,3.6,8,1987,"August",0,-1.250383722934
99710,4.3,8,1988,"August",0,-0.602036607338593
99710,5.6,8,1989,"August",0,0.602036607338592
99710,5.2,8,1990,"August",0,0.231552541284074
99710,6.7,8,1991,"August",0,1.62086778898852
99710,5.1,8,1992,"August",0,0.138931524770444
99710,6.1,8,1993,"August",0,1.06514168990674
99710,4.9,8,1994,"August",0,-0.0463105082568147
99710,4.8,8,1995,"August",0,-0.138931524770445
99710,6,8,1996,"August",0,0.972520673393111
99710,5.3,8,1997,"August",0,0.324173557797704
99710,6.4,8,1998,"August",0,1.34300473944763
99710,4.6,8,1999,"August",0,-0.324173557797704
99710,5.1,8,2001,"August",0,0.138931524770444
99710,6.7,8,2002,"August",0,1.62086778898852
99710,4.7,8,2003,"August",0,-0.231552541284074
99710,6.7,8,2004,"August",0,1.62086778898852
99710,6,8,2005,"August",0,0.972520673393111
99710,6.7,8,2006,"August",0,1.62086778898852
99710,5.8,8,2007,"August",0,0.787278640365852
99710,4.8,8,2008,"August",0,-0.138931524770445
99710,5,8,2009,"August",0,0.0463105082568147
99710,3.7,8,2010,"August",0,-1.15776270642037
99710,5.9,8,2011,"August",0,0.879899656879482
99710,5.7,8,2012,"August",0,0.694657623852223
99710,8.2,8,2013,"August",0,3.01018303669296
99710,4.8,8,2014,"August",0,-0.138931524770445
99710,6.6,8,2015,"August",0,1.52824677247489
99710,2.5,9,1920,"September",0,-0.550322824592022
99710,1.8,9,1921,"September",0,-1.12726032556837
99710,4,9,1922,"September",0,0.685971820357294
99710,3.2,9,1923,"September",0,0.0266146763843259
99710,2.9,9,1924,"September",0,-0.220644252605537
99710,4,9,1925,"September",0,0.685971820357294
99710,3,9,1926,"September",0,-0.138224609608916
99710,0.7,9,1927,"September",0,-2.0338763985312
99710,3.1,9,1928,"September",0,-0.0558049666122953
99710,2.8,9,1929,"September",0,-0.303063895602159
99710,2.5,9,1930,"September",0,-0.550322824592022
99710,1.9,9,1931,"September",0,-1.04484068257175
99710,0.9,9,1932,"September",0,-1.86903711253796
99710,4.6,9,1933,"September",0,1.18048967833702
99710,6,9,1934,"September",0,2.33436468028972
99710,0.9,9,1935,"September",0,-1.86903711253796
99710,3,9,1936,"September",0,-0.138224609608916
99710,3.6,9,1937,"September",0,0.35629324837081
99710,4.4,9,1938,"September",0,1.01565039234378
99710,2.2,9,1939,"September",0,-0.797581753581885
99710,3.5,9,1940,"September",0,0.273873605374189
99710,2.4,9,1941,"September",0,-0.632742467588643
99710,1.9,9,1942,"September",0,-1.04484068257175
99710,2.9,9,1943,"September",0,-0.220644252605537
99710,3.3,9,1944,"September",0,0.109034319380947
99710,3.8,9,1945,"September",0,0.521132534364052
99710,4.6,9,1946,"September",0,1.18048967833702
99710,2.3,9,1947,"September",0,-0.715162110585264
99710,3,9,1948,"September",0,-0.138224609608916
99710,2.3,9,1949,"September",0,-0.715162110585264
99710,4.6,9,1950,"September",0,1.18048967833702
99710,2.4,9,1951,"September",0,-0.632742467588643
99710,2.3,9,1952,"September",0,-0.715162110585264
99710,3.1,9,1953,"September",0,-0.0558049666122953
99710,3.5,9,1954,"September",0,0.273873605374189
99710,4.7,9,1955,"September",0,1.26290932133364
99710,2.2,9,1956,"September",0,-0.797581753581885
99710,3.4,9,1957,"September",0,0.191453962377568
99710,2.8,9,1958,"September",0,-0.303063895602159
99710,1.9,9,1959,"September",0,-1.04484068257175
99710,5.2,9,1960,"September",0,1.67500753631675
99710,3.2,9,1961,"September",0,0.0266146763843259
99710,2.3,9,1962,"September",0,-0.715162110585264
99710,2.8,9,1963,"September",0,-0.303063895602159
99710,2.7,9,1964,"September",0,-0.385483538598779
99710,2.1,9,1965,"September",0,-0.880001396578506
99710,0.8,9,1966,"September",0,-1.95145675553458
99710,3,9,1967,"September",0,-0.138224609608916
99710,0.7,9,1968,"September",0,-2.0338763985312
99710,3.9,9,1969,"September",0,0.603552177360673
99710,2.8,9,1970,"September",0,-0.303063895602159
99710,2.2,9,1971,"September",0,-0.797581753581885
99710,4.1,9,1972,"September",0,0.768391463353915
99710,2.8,9,1973,"September",0,-0.303063895602159
99710,4.2,9,1974,"September",0,0.850811106350536
99710,2.6,9,1975,"September",0,-0.467903181595401
99710,2,9,1976,"September",0,-0.962421039575127
99710,2.2,9,1977,"September",0,-0.797581753581885
99710,1.3,9,1978,"September",0,-1.53935854055147
99710,3.2,9,1979,"September",0,0.0266146763843259
99710,3.2,9,1980,"September",0,0.0266146763843259
99710,3.2,9,1981,"September",0,0.0266146763843259
99710,0.8,9,1982,"September",0,-1.95145675553458
99710,3.4,9,1983,"September",0,0.191453962377568
99710,3.6,9,1984,"September",0,0.35629324837081
99710,2.6,9,1985,"September",0,-0.467903181595401
99710,1.7,9,1986,"September",0,-1.20967996856499
99710,2.3,9,1987,"September",0,-0.715162110585264
99710,2.3,9,1988,"September",0,-0.715162110585264
99710,3.6,9,1989,"September",0,0.35629324837081
99710,6.7,9,1990,"September",0,2.91130218126606
99710,3,9,1991,"September",0,-0.138224609608916
99710,4.6,9,1992,"September",0,1.18048967833702
99710,2.2,9,1993,"September",0,-0.797581753581885
99710,3,9,1994,"September",0,-0.138224609608916
99710,3,9,1995,"September",0,-0.138224609608916
99710,3,9,1996,"September",0,-0.138224609608916
99710,2.8,9,1997,"September",0,-0.303063895602159
99710,3.1,9,1998,"September",0,-0.0558049666122953
99710,4.8,9,1999,"September",0,1.34532896433026
99710,5.3,9,2001,"September",0,1.75742717931337
99710,2.9,9,2002,"September",0,-0.220644252605537
99710,3.5,9,2003,"September",0,0.273873605374189
99710,4.4,9,2004,"September",0,1.01565039234378
99710,3.2,9,2005,"September",0,0.0266146763843259
99710,3.9,9,2006,"September",0,0.603552177360673
99710,3.8,9,2007,"September",0,0.521132534364052
99710,4.6,9,2008,"September",0,1.18048967833702
99710,3.5,9,2009,"September",0,0.273873605374189
99710,4,9,2010,"September",0,0.685971820357294
99710,6.2,9,2011,"September",0,2.49920396628296
99710,4.4,9,2012,"September",0,1.01565039234378
99710,6.4,9,2013,"September",0,2.6640432522762
99710,3.9,9,2014,"September",0,0.603552177360673
99710,4.1,9,2015,"September",0,0.768391463353915
99710,0.6,10,1920,"October",0,0.357238695469362
99710,-3.1,10,1921,"October",0,-1.80445099159567
99710,0.1,10,1922,"October",0,0.0651184674876009
99710,0.7,10,1923,"October",0,0.415662741065714
99710,1.9,10,1924,"October",0,1.11675128822194
99710,-1.7,10,1925,"October",0,-0.986514353246739
99710,-2.1,10,1926,"October",0,-1.22021053563215
99710,-1.8,10,1927,"October",0,-1.04493839884309
99710,-2.5,10,1928,"October",0,-1.45390671801756
99710,-1.7,10,1929,"October",0,-0.986514353246739
99710,-0.3,10,1930,"October",0,-0.168577714897808
99710,-1,10,1931,"October",0,-0.577546034072273
99710,0.1,10,1932,"October",0,0.0651184674876009
99710,0.6,10,1933,"October",0,0.357238695469362
99710,1.8,10,1934,"October",0,1.05832724262559
99710,1,10,1935,"October",0,0.590934877854771
99710,0.3,10,1936,"October",0,0.181966558680305
99710,1.2,10,1937,"October",0,0.707782969047475
99710,2.2,10,1938,"October",0,1.292023425011
99710,0.4,10,1939,"October",0,0.240390604276658
99710,0.4,10,1940,"October",0,0.240390604276658
99710,-1.3,10,1941,"October",0,-0.75281817086133
99710,0.3,10,1942,"October",0,0.181966558680305
99710,0.5,10,1943,"October",0,0.29881464987301
99710,1.6,10,1944,"October",0,0.941479151432884
99710,-1.1,10,1945,"October",0,-0.635970079668626
99710,0,10,1946,"October",0,0.00669442189124869
99710,-0.2,10,1947,"October",0,-0.110153669301456
99710,0.4,10,1948,"October",0,0.240390604276658
99710,-2.1,10,1949,"October",0,-1.22021053563215
99710,2.8,10,1950,"October",0,1.64256769858911
99710,0.8,10,1951,"October",0,0.474086786662066
99710,0.7,10,1952,"October",0,0.415662741065714
99710,2.5,10,1953,"October",0,1.46729556180005
99710,0.4,10,1954,"October",0,0.240390604276658
99710,-0.7,10,1955,"October",0,-0.402273897283217
99710,0.5,10,1956,"October",0,0.29881464987301
99710,2.3,10,1957,"October",0,1.35044747060735
99710,0.1,10,1958,"October",0,0.0651184674876009
99710,0.9,10,1959,"October",0,0.532510832258419
99710,-2.4,10,1960,"October",0,-1.3954826724212
99710,3.2,10,1961,"October",0,1.87626388097452
99710,-0.1,10,1962,"October",0,-0.0517296237051035
99710,1.2,10,1963,"October",0,0.707782969047475
99710,0.9,10,1964,"October",0,0.532510832258419
99710,-1,10,1965,"October",0,-0.577546034072273
99710,-3.4,10,1966,"October",0,-1.97972312838473
99710,-2,10,1967,"October",0,-1.1617864900358
99710,-8.3,10,1968,"October",0,-4.84250136260599
99710,1.3,10,1969,"October",0,0.766207014643828
99710,0.8,10,1970,"October",0,0.474086786662066
99710,-2,10,1971,"October",0,-1.1617864900358
99710,0.5,10,1972,"October",0,0.29881464987301
99710,-1.3,10,1973,"October",0,-0.75281817086133
99710,1.3,10,1974,"October",0,0.766207014643828
99710,-1.7,10,1975,"October",0,-0.986514353246739
99710,-0.1,10,1976,"October",0,-0.0517296237051035
99710,-0.1,10,1977,"October",0,-0.0517296237051035
99710,-0.6,10,1978,"October",0,-0.343849851686865
99710,0,10,1979,"October",0,0.00669442189124869
99710,-1.5,10,1980,"October",0,-0.869666262054035
99710,0,10,1981,"October",0,0.00669442189124869
99710,-0.5,10,1982,"October",0,-0.285425806090512
99710,-0.7,10,1983,"October",0,-0.402273897283217
99710,1.4,10,1984,"October",0,0.82463106024018
99710,-0.2,10,1985,"October",0,-0.110153669301456
99710,0.5,10,1986,"October",0,0.29881464987301
99710,1,10,1987,"October",0,0.590934877854771
99710,-3.3,10,1988,"October",0,-1.92129908278837
99710,-0.3,10,1989,"October",0,-0.168577714897808
99710,1.6,10,1990,"October",0,0.941479151432884
99710,0.1,10,1991,"October",0,0.0651184674876009
99710,-2.8,10,1992,"October",0,-1.62917885480661
99710,-3.5,10,1993,"October",0,-2.03814717398108
99710,-2,10,1994,"October",0,-1.1617864900358
99710,-1.2,10,1995,"October",0,-0.694394125264978
99710,0.5,10,1996,"October",0,0.29881464987301
99710,0.1,10,1997,"October",0,0.0651184674876009
99710,1,10,1998,"October",0,0.590934877854771
99710,0.9,10,1999,"October",0,0.532510832258419
99710,-0.3,10,2001,"October",0,-0.168577714897808
99710,0.3,10,2002,"October",0,0.181966558680305
99710,-0.1,10,2003,"October",0,-0.0517296237051035
99710,0.5,10,2004,"October",0,0.29881464987301
99710,0.6,10,2005,"October",0,0.357238695469362
99710,0.1,10,2006,"October",0,0.0651184674876009
99710,2.7,10,2007,"October",0,1.58414365299276
99710,0.2,10,2008,"October",0,0.123542513083953
99710,0.5,10,2009,"October",0,0.29881464987301
99710,1.2,10,2010,"October",0,0.707782969047475
99710,2,10,2011,"October",0,1.17517533381829
99710,1.2,10,2012,"October",0,0.707782969047475
99710,0.1,10,2013,"October",0,0.0651184674876009
99710,1.8,10,2014,"October",0,1.05832724262559
99710,1.5,10,2015,"October",0,0.883055105836532
99710,-2.1,11,1920,"November",0,0.222957973037241
99710,-4.3,11,1921,"November",0,-0.668873919111724
99710,-2.1,11,1922,"November",0,0.222957973037241
99710,-1.8,11,1923,"November",0,0.344571412875737
99710,-3.4,11,1924,"November",0,-0.304033599596238
99710,-5.3,11,1925,"November",0,-1.07425205190671
99710,-6.3,11,1926,"November",0,-1.47963018470169
99710,-4.7,11,1927,"November",0,-0.831025172229718
99710,-5.2,11,1928,"November",0,-1.03371423862721
99710,-2.1,11,1929,"November",0,0.222957973037241
99710,-2.3,11,1930,"November",0,0.141882346478245
99710,1.2,11,1931,"November",0,1.56070581126069
99710,-2.6,11,1932,"November",0,0.0202689066397491
99710,-1.3,11,1933,"November",0,0.547260479273229
99710,-1.2,11,1934,"November",0,0.587798292552727
99710,0.3,11,1935,"November",0,1.1958654917452
99710,-1.9,11,1936,"November",0,0.304033599596238
99710,-1.3,11,1937,"November",0,0.547260479273229
99710,0,11,1938,"November",0,1.07425205190671
99710,-1.6,11,1939,"November",0,0.425647039434734
99710,-3.3,11,1940,"November",0,-0.26349578631674
99710,-0.6,11,1941,"November",0,0.831025172229718
99710,-3.5,11,1942,"November",0,-0.344571412875737
99710,-2.1,11,1943,"November",0,0.222957973037241
99710,-1.9,11,1944,"November",0,0.304033599596238
99710,-4.9,11,1945,"November",0,-0.912100798788715
99710,-4.7,11,1946,"November",0,-0.831025172229718
99710,-4.3,11,1947,"November",0,-0.668873919111724
99710,-4.5,11,1948,"November",0,-0.749949545670721
99710,-0.9,11,1949,"November",0,0.709411732391223
99710,-0.2,11,1950,"November",0,0.993176425347712
99710,-7.9,11,1951,"November",0,-2.12823519717367
99710,-1.4,11,1952,"November",0,0.506722665993731
99710,1.1,11,1953,"November",0,1.52016799798119
99710,0.1,11,1954,"November",0,1.11478986518621
99710,-6.7,11,1955,"November",0,-1.64178143781969
99710,-0.5,11,1956,"November",0,0.871562985509217
99710,-1.1,11,1957,"November",0,0.628336105832226
99710,-1.5,11,1958,"November",0,0.466184852714232
99710,0.4,11,1959,"November",0,1.2364033050247
99710,-2.6,11,1960,"November",0,0.0202689066397491
99710,-0.6,11,1961,"November",0,0.831025172229718
99710,-1.7,11,1962,"November",0,0.385109226155235
99710,-5.6,11,1963,"November",0,-1.1958654917452
99710,-2.8,11,1964,"November",0,-0.0608067199192476
99710,-3.1,11,1965,"November",0,-0.182420159757743
99710,-3.1,11,1966,"November",0,-0.182420159757743
99710,-1.6,11,1967,"November",0,0.425647039434734
99710,-6.4,11,1968,"November",0,-1.52016799798119
99710,-3.4,11,1969,"November",0,-0.304033599596238
99710,-4.3,11,1970,"November",0,-0.668873919111724
99710,-10.8,11,1970,"November",0,-3.30383178227912
99710,-0.8,11,1972,"November",0,0.749949545670721
99710,-7.7,11,1973,"November",0,-2.04715957061467
99710,-1.5,11,1974,"November",0,0.466184852714232
99710,-4,11,1975,"November",0,-0.547260479273229
99710,-2.7,11,1976,"November",0,-0.0202689066397493
99710,-1.4,11,1977,"November",0,0.506722665993731
99710,-3.3,11,1978,"November",0,-0.26349578631674
99710,-2.2,11,1979,"November",0,0.182420159757743
99710,-6.9,11,1980,"November",0,-1.72285706437868
99710,-1.4,11,1981,"November",0,0.506722665993731
99710,-2.5,11,1982,"November",0,0.0608067199192476
99710,-8.8,11,1983,"November",0,-2.49307551668915
99710,-0.7,11,1984,"November",0,0.79048735895022
99710,-2.8,11,1985,"November",0,-0.0608067199192476
99710,-2.5,11,1986,"November",0,0.0608067199192476
99710,-2.5,11,1987,"November",0,0.0608067199192476
99710,-9.6,11,1988,"November",0,-2.81737802292514
99710,-2.7,11,1989,"November",0,-0.0202689066397493
99710,-4.3,11,1990,"November",0,-0.668873919111724
99710,-3.6,11,1991,"November",0,-0.385109226155235
99710,-2.5,11,1992,"November",0,0.0608067199192476
99710,0.5,11,1993,"November",0,1.2769411183042
99710,-5,11,1994,"November",0,-0.952638612068213
99710,-8.7,11,1995,"November",0,-2.45253770340966
99710,-1.8,11,1996,"November",0,0.344571412875737
99710,-2.6,11,1997,"November",0,0.0202689066397491
99710,-1.1,11,1998,"November",0,0.628336105832226
99710,0.5,11,1999,"November",0,1.2769411183042
99710,-3.8,11,2001,"November",0,-0.466184852714232
99710,-2.4,11,2002,"November",0,0.101344533198746
99710,-0.3,11,2003,"November",0,0.952638612068213
99710,-4.5,11,2004,"November",0,-0.749949545670721
99710,-0.3,11,2005,"November",0,0.952638612068213
99710,-0.3,11,2006,"November",0,0.952638612068213
99710,-0.8,11,2007,"November",0,0.749949545670721
99710,-1.6,11,2008,"November",0,0.425647039434734
99710,1.7,11,2009,"November",0,1.76339487765818
99710,-3.6,11,2010,"November",0,-0.385109226155235
99710,-0.6,11,2011,"November",0,0.831025172229718
99710,-0.4,11,2012,"November",0,0.912100798788715
99710,-2.6,11,2013,"November",0,0.0202689066397491
99710,-0.2,11,2014,"November",0,0.993176425347712
99710,-0.1,11,2015,"November",0,1.03371423862721
99710,-3.8,12,1920,"December",0,0.33992235873581
99710,-3.9,12,1921,"December",0,0.310497159061655
99710,-8.3,12,1922,"December",0,-0.98421162660116
99710,-4,12,1923,"December",0,0.2810719593875
99710,-3.4,12,1924,"December",0,0.457623157432429
99710,-7.7,12,1925,"December",0,-0.80766042855623
99710,-5.8,12,1926,"December",0,-0.248581634747288
99710,-8.4,12,1927,"December",0,-1.01363682627531
99710,-7.1,12,1928,"December",0,-0.631109230511301
99710,-0.3,12,1929,"December",0,1.36980434733123
99710,-1.3,12,1930,"December",0,1.07555235058968
99710,-2.8,12,1931,"December",0,0.634174355477359
99710,-2.9,12,1932,"December",0,0.604749155803204
99710,-4.2,12,1933,"December",0,0.22222156003919
99710,-2.1,12,1934,"December",0,0.840150753196443
99710,-2.8,12,1935,"December",0,0.634174355477359
99710,-3.2,12,1936,"December",0,0.516473556780739
99710,-0.3,12,1937,"December",0,1.36980434733123
99710,1.8,12,1938,"December",0,1.98773354048848
99710,-5.8,12,1939,"December",0,-0.248581634747288
99710,-4.1,12,1940,"December",0,0.251646759713345
99710,-6.2,12,1941,"December",0,-0.366282433443907
99710,-4.5,12,1942,"December",0,0.133945961016726
99710,-5.3,12,1943,"December",0,-0.101455636376513
99710,-2.9,12,1944,"December",0,0.604749155803204
99710,-3.6,12,1945,"December",0,0.39877275808412
99710,-1,12,1946,"December",0,1.16382794961215
99710,-8,12,1947,"December",0,-0.895936027578695
99710,-7.1,12,1948,"December",0,-0.631109230511301
99710,-1.6,12,1949,"December",0,0.987276751567217
99710,-5.7,12,1950,"December",0,-0.219156435073133
99710,-10.8,12,1950,"December",0,-1.71984161845503
99710,-5.6,12,1952,"December",0,-0.189731235398978
99710,0.6,12,1953,"December",0,1.63463114439862
99710,-0.5,12,1954,"December",0,1.31095394798292
99710,-6.8,12,1955,"December",0,-0.542833631488836
99710,-0.4,12,1956,"December",0,1.34037914765708
99710,-6.5,12,1957,"December",0,-0.454558032466372
99710,-7.1,12,1958,"December",0,-0.631109230511301
99710,-1.2,12,1959,"December",0,1.10497755026384
99710,-7.4,12,1960,"December",0,-0.719384829533766
99710,-8.6,12,1961,"December",0,-1.07248722562362
99710,-8.3,12,1962,"December",0,-0.98421162660116
99710,-10.3,12,1960,"December",0,-1.57271562008426
99710,-2,12,1964,"December",0,0.869575952870598
99710,-7.6,12,1965,"December",0,-0.778235228882075
99710,-1.7,12,1966,"December",0,0.957851551893062
99710,-10.9,12,1960,"December",0,-1.74926681812919
99710,-9.8,12,1968,"December",0,-1.42558962171348
99710,-3,12,1969,"December",0,0.575323956129049
99710,-8.2,12,1970,"December",0,-0.954786426927004
99710,-5.6,12,1971,"December",0,-0.189731235398978
99710,-1.2,12,1972,"December",0,1.10497755026384
99710,-7.8,12,1973,"December",0,-0.837085628230385
99710,-2.6,12,1974,"December",0,0.693024754825668
99710,-11.6,12,1970,"December",0,-1.95524321584827
99710,-3.9,12,1976,"December",0,0.310497159061655
99710,-5,12,1977,"December",0,-0.0131800373540486
99710,-7.3,12,1978,"December",0,-0.689959629859611
99710,-4.9,12,1979,"December",0,0.0162451623201062
99710,-12.8,12,1980,"December",0,-2.30834561193813
99710,-10,12,1980,"December",0,-1.48444002106179
99710,-5.9,12,1982,"December",0,-0.278006834421443
99710,-11.6,12,1980,"December",0,-1.95524321584827
99710,0,12,1984,"December",0,1.4580799463537
99710,-6.7,12,1985,"December",0,-0.513408431814682
99710,-6.1,12,1986,"December",0,-0.336857233769752
99710,-13.4,12,1980,"December",0,-2.48489680998306
99710,-12.2,12,1980,"December",0,-2.1317944138932
99710,-9.3,12,1989,"December",0,-1.27846362334271
99710,-3.4,12,1990,"December",0,0.457623157432429
99710,-3.9,12,1991,"December",0,0.310497159061655
99710,-4.9,12,1992,"December",0,0.0162451623201062
99710,-4,12,1993,"December",0,0.2810719593875
99710,-2.5,12,1994,"December",0,0.722449954499823
99710,-9.7,12,1995,"December",0,-1.39616442203933
99710,-9.3,12,1996,"December",0,-1.27846362334271
99710,-3.4,12,1997,"December",0,0.457623157432429
99710,-3.8,12,1998,"December",0,0.33992235873581
99710,-4.4,12,1999,"December",0,0.163371160690881
99710,-4.7,12,2001,"December",0,0.075095561668416
99710,-3.8,12,2002,"December",0,0.33992235873581
99710,-1.5,12,2004,"December",0,1.01670195124137
99710,-1.3,12,2005,"December",0,1.07555235058968
99710,-0.7,12,2006,"December",0,1.25210354863461
99710,-1.1,12,2007,"December",0,1.13440274993799
99710,-1.3,12,2008,"December",0,1.07555235058968
99710,-1.5,12,2009,"December",0,1.01670195124137
99710,-4.1,12,2010,"December",0,0.251646759713345
99710,-1.8,12,2011,"December",0,0.928426352218908
99710,-2.8,12,2012,"December",0,0.634174355477359
99710,-2.8,12,2013,"December",0,0.634174355477359
99710,-3,12,2014,"December",0,0.575323956129049
99710,-2.1,12,2015,"December",0,0.840150753196443
